id,full_name,first_name,last_name,email,gender,age
1,Mariel Finnigan,Mariel,Finnigan,mfinnigan0@usda.gov,Female,NO_AGE
2,Kenyon Possek,Kenyon,Possek,kpossek1@ucoz.com,Male,NO_AGE
3,Lalo Manifould,Lalo,Manifould,lmanifould2@pbs.org,Male,NO_AGE
4,Nickola Carous,Nickola,Carous,ncarous3@phoca.cz,Male,NO_AGE
5,Norman Dubbin,Norman,Dubbin,ndubbin4@wikipedia.org,Male,NO_AGE
6,Hasty Perdue,Hasty,Perdue,hperdue5@qq.com,NO_GENDER,NO_AGE
7,Franz Castello,Franz,Castello,fcastello6@1688.com,Male,NO_AGE
8,Jorge Tarney,Jorge,Tarney,jtarney7@ft.com,Male,NO_AGE
9,Eunice Blakebrough,Eunice,Blakebrough,eblakebrough8@sohu.com,Female,NO_AGE
10,Kristopher Frankcombe,Kristopher,Frankcombe,kfrankcombe9@slate.com,Male,NO_AGE
11,Palm Domotor,Palm,Domotor,pdomotora@github.io,Male,NO_AGE
12,Luz Lansdowne,Luz,Lansdowne,llansdowneb@theguardian.com,Female,NO_AGE
13,Modestia Keble,Modestia,Keble,mkeblec@cmu.edu,Female,NO_AGE
14,Stacee Bovis,Stacee,Bovis,sbovisd@webeden.co.uk,Female,NO_AGE
15,Eden Wace,Eden,Wace,ewacee@marriott.com,Female,NO_AGE
16,Eden Wace,Eden,Wace,ewacee@marriott.com,Female,NO_AGE
17,Tobias Sherburn,Tobias,Sherburn,tsherburnf@facebook.com,Male,NO_AGE
19,Clair Skillern,Clair,Skillern,cskillerng@nih.gov,Male,NO_AGE
20,Mathew Addicott,Mathew,Addicott,maddicotth@acquirethisname.com,Male,NO_AGE
21,Kerianne Goacher,Kerianne,Goacher,NO_EMAIL,Female,NO_AGE
,Maurits Shawl,Maurits,Shawl,mshawlj@dmoz.org,Male,NO_AGE
